longitude,latitude,housing_median_age,total_rooms,total_bedrooms,population,households,median_income,median_house_value,ocean_proximity
-118.32,34.0,50.0,3250.0,693.0,2300.0,675.0,1.95,112600.0,<1H OCEAN
-122.25,38.17,34.0,778.0,137.0,406.0,136.0,4.2955,121300.0,NEAR BAY
-121.61,39.76,31.0,2431.0,512.0,1026.0,427.0,2.5428,85000.0,INLAND
-118.54,34.05,33.0,6778.0,1092.0,2540.0,1052.0,8.565,500001.0,<1H OCEAN
-117.84,33.8,35.0,1490.0,251.0,629.0,257.0,4.3661,222100.0,<1H OCEAN
-122.09,37.41,14.0,753.0,193.0,421.0,153.0,4.2463,266700.0,NEAR BAY
-122.0,38.35,38.0,1918.0,364.0,745.0,348.0,2.5707,126000.0,INLAND
-120.18,39.17,18.0,1703.0,360.0,354.0,163.0,3.6563,146900.0,INLAND
-121.37,38.69,29.0,2103.0,380.0,1124.0,387.0,3.0833,87000.0,INLAND
-120.48,37.3,39.0,1015.0,356.0,875.0,313.0,1.5,67000.0,INLAND
-121.97,38.03,17.0,3685.0,685.0,1939.0,649.0,3.7043,139800.0,INLAND
-121.8,37.35,27.0,2358.0,415.0,1562.0,383.0,5.2297,192800.0,<1H OCEAN
-118.16,34.2,43.0,1810.0,343.0,988.0,307.0,3.8203,176000.0,<1H OCEAN
-117.28,33.2,11.0,1472.0,261.0,1012.0,285.0,4.21,175600.0,NEAR OCEAN
-121.36,38.4,18.0,4813.0,849.0,2333.0,843.0,4.175,144400.0,INLAND
-117.58,33.87,30.0,701.0,131.0,356.0,125.0,3.2917,144300.0,INLAND
-116.99,32.85,32.0,5211.0,949.0,3025.0,948.0,4.0931,134200.0,<1H OCEAN
-117.39,33.95,36.0,1380.0,269.0,598.0,262.0,3.1667,122900.0,INLAND
-118.32,33.97,52.0,1778.0,320.0,795.0,279.0,3.5114,138800.0,<1H OCEAN
-117.67,33.44,25.0,2994.0,519.0,903.0,410.0,6.6852,500001.0,<1H OCEAN
-120.47,34.94,17.0,1368.0,308.0,642.0,303.0,1.8633,109400.0,<1H OCEAN
-122.37,37.95,35.0,215.0,45.0,100.0,34.0,1.6023,81300.0,NEAR BAY
-118.15,34.16,18.0,1711.0,383.0,1474.0,415.0,1.2891,181300.0,<1H OCEAN
-122.24,38.01,16.0,2084.0,315.0,1154.0,307.0,6.0102,235600.0,NEAR BAY
-121.28,37.95,49.0,1200.0,364.0,1448.0,318.0,1.1094,52500.0,INLAND
-119.69,34.43,43.0,1257.0,311.0,671.0,263.0,2.875,280600.0,<1H OCEAN
-117.38,33.2,26.0,1427.0,386.0,974.0,317.0,1.3903,184400.0,NEAR OCEAN
-119.68,34.43,49.0,1785.0,386.0,1267.0,380.0,3.5208,251200.0,<1H OCEAN
-119.37,36.19,24.0,1306.0,266.0,889.0,276.0,2.4922,66100.0,INLAND
-122.09,37.67,48.0,1252.0,305.0,673.0,308.0,2.3357,175000.0,NEAR BAY
-118.45,35.58,16.0,5396.0,1182.0,1802.0,807.0,1.8819,69700.0,INLAND
-119.05,35.42,41.0,1992.0,421.0,1006.0,419.0,2.8393,57000.0,INLAND
-119.83,36.73,21.0,1702.0,358.0,1347.0,316.0,2.4137,62100.0,INLAND
-117.16,34.05,23.0,3215.0,462.0,1411.0,435.0,6.0701,149900.0,INLAND
-122.47,38.34,15.0,2411.0,446.0,1144.0,407.0,4.3472,261000.0,<1H OCEAN
-117.26,34.17,30.0,1937.0,351.0,945.0,344.0,3.8906,123700.0,INLAND
-117.96,34.71,32.0,3511.0,646.0,1733.0,510.0,3.46,123900.0,INLAND
-117.2,33.38,14.0,5392.0,821.0,2350.0,810.0,5.0507,291500.0,<1H OCEAN
-118.23,34.2,51.0,1477.0,280.0,750.0,295.0,5.3925,317900.0,<1H OCEAN
-118.24,33.96,34.0,946.0,254.0,1101.0,239.0,1.7396,105900.0,<1H OCEAN
-117.97,34.04,32.0,1507.0,295.0,1326.0,324.0,4.119,163300.0,<1H OCEAN
-118.21,33.8,41.0,1251.0,279.0,1053.0,278.0,3.2778,150800.0,NEAR OCEAN
-122.54,37.91,48.0,2924.0,489.0,1159.0,505.0,5.6302,489000.0,NEAR BAY
-118.4,37.36,34.0,2465.0,619.0,1172.0,575.0,1.9722,116100.0,INLAND
-118.07,33.83,17.0,4822.0,1168.0,3868.0,1117.0,2.5978,142900.0,<1H OCEAN
-117.87,33.92,14.0,4039.0,669.0,1905.0,670.0,6.3303,303000.0,<1H OCEAN
-121.89,38.01,30.0,4114.0,743.0,1994.0,722.0,4.2227,134400.0,INLAND
-122.07,37.97,20.0,1705.0,353.0,856.0,341.0,3.7262,211800.0,NEAR BAY
-121.32,38.0,21.0,1795.0,482.0,1114.0,472.0,2.0091,101500.0,INLAND
-122.25,37.81,29.0,4656.0,1414.0,2304.0,1250.0,2.4912,257800.0,NEAR BAY
-117.32,34.09,30.0,1129.0,251.0,1034.0,237.0,2.3917,78600.0,INLAND
-119.16,34.27,24.0,1824.0,331.0,1049.0,320.0,5.9181,221100.0,NEAR OCEAN
-122.23,38.15,33.0,1253.0,238.0,753.0,236.0,1.756,86400.0,NEAR BAY
-120.51,37.32,13.0,2109.0,477.0,1108.0,466.0,2.3099,89600.0,INLAND
-116.88,33.02,16.0,3204.0,541.0,1818.0,529.0,5.2596,171500.0,<1H OCEAN
-122.49,38.31,27.0,3078.0,597.0,1411.0,586.0,3.25,195500.0,<1H OCEAN
-117.14,33.12,7.0,6126.0,1032.0,2662.0,923.0,4.9005,264000.0,<1H OCEAN
-118.17,33.91,37.0,1499.0,288.0,1237.0,344.0,3.9333,162300.0,<1H OCEAN
-118.21,34.1,40.0,1684.0,316.0,795.0,330.0,5.2723,218300.0,<1H OCEAN
-118.03,34.01,10.0,6531.0,1036.0,2975.0,1018.0,6.2319,403700.0,<1H OCEAN
-119.27,34.29,32.0,2274.0,406.0,982.0,393.0,5.3254,385200.0,NEAR OCEAN
-122.01,38.44,12.0,2344.0,354.0,1035.0,321.0,4.9773,281200.0,INLAND
-117.71,33.6,25.0,3011.0,714.0,893.0,654.0,2.3387,74800.0,<1H OCEAN
-120.67,35.48,18.0,2339.0,443.0,1097.0,416.0,3.3438,176100.0,<1H OCEAN
-119.77,36.84,15.0,2058.0,412.0,891.0,378.0,3.2569,124400.0,INLAND
-118.43,34.25,32.0,2433.0,553.0,2318.0,532.0,3.6384,159300.0,<1H OCEAN
-122.41,37.79,52.0,6016.0,2509.0,3436.0,2119.0,2.5166,275000.0,NEAR BAY
-118.11,33.86,36.0,2750.0,487.0,1386.0,458.0,4.9904,221700.0,<1H OCEAN
-120.49,40.31,16.0,1821.0,360.0,969.0,359.0,3.4643,85100.0,INLAND
-118.29,34.07,19.0,3013.0,1118.0,2465.0,1008.0,2.5386,290600.0,<1H OCEAN
-118.41,33.97,44.0,2298.0,388.0,849.0,360.0,5.5941,363500.0,<1H OCEAN
-115.41,32.99,29.0,1141.0,220.0,684.0,194.0,3.4038,107800.0,INLAND
-118.13,33.88,32.0,3088.0,1024.0,1981.0,956.0,2.2027,192700.0,<1H OCEAN
-121.88,37.43,31.0,2573.0,474.0,1898.0,475.0,5.6651,204100.0,<1H OCEAN
-117.34,33.98,10.0,17286.0,4952.0,9851.0,4616.0,1.7579,103400.0,INLAND
-117.86,33.74,9.0,525.0,171.0,1257.0,165.0,3.375,165300.0,<1H OCEAN
-118.33,34.2,43.0,1325.0,254.0,613.0,248.0,3.6071,289000.0,<1H OCEAN
-122.62,38.24,19.0,1687.0,253.0,893.0,257.0,6.204,201800.0,<1H OCEAN
-118.35,33.9,31.0,981.0,222.0,734.0,239.0,4.875,232400.0,<1H OCEAN
-118.34,34.13,45.0,2375.0,417.0,751.0,410.0,6.6739,500001.0,<1H OCEAN
-122.23,37.45,29.0,1617.0,235.0,758.0,246.0,7.7932,469900.0,NEAR OCEAN
-119.27,35.51,28.0,1089.0,179.0,544.0,190.0,3.2279,95800.0,INLAND
-122.15,37.68,35.0,2632.0,447.0,1349.0,486.0,4.3864,205200.0,NEAR BAY
-118.26,34.04,6.0,1529.0,566.0,1051.0,473.0,2.4619999999999997,162500.0,<1H OCEAN
-116.9,32.79,21.0,3770.0,491.0,1410.0,446.0,6.7685,294700.0,<1H OCEAN
-121.27,37.96,43.0,1624.0,448.0,1805.0,440.0,1.425,61300.0,INLAND
-118.34,33.99,34.0,397.0,132.0,250.0,121.0,1.675,166700.0,<1H OCEAN
-118.06,33.8,22.0,1892.0,442.0,1015.0,404.0,4.1379,212500.0,<1H OCEAN
-118.08,33.9,42.0,1768.0,372.0,1155.0,368.0,3.5580000000000003,161100.0,<1H OCEAN
-118.35,33.94,35.0,1451.0,435.0,1888.0,420.0,2.8462,149100.0,<1H OCEAN
-122.47,37.69,27.0,2447.0,720.0,2104.0,657.0,3.449,239100.0,NEAR OCEAN
-117.7,33.6,26.0,1021.0,230.0,301.0,208.0,2.625,80600.0,<1H OCEAN
-121.41,38.53,35.0,2061.0,371.0,1110.0,342.0,3.1944,79000.0,INLAND
-124.08,40.91,13.0,2522.0,719.0,1381.0,628.0,1.6667,78800.0,NEAR OCEAN
-124.16,40.8,52.0,2167.0,480.0,908.0,451.0,1.6111,74700.0,NEAR OCEAN
-116.37,33.72,17.0,8626.0,1859.0,3497.0,1337.0,3.312,121300.0,INLAND
-122.1,37.67,34.0,3659.0,897.0,2479.0,903.0,2.9564,150500.0,NEAR BAY
-117.09,32.81,7.0,6100.0,1185.0,2710.0,1040.0,5.5673,288200.0,NEAR OCEAN
-121.89,40.97,26.0,1183.0,276.0,513.0,206.0,2.225,52000.0,INLAND
-122.26,37.84,49.0,713.0,202.0,462.0,189.0,1.025,118800.0,NEAR BAY
-119.71,34.41,18.0,1225.0,317.0,694.0,306.0,3.6823,255000.0,NEAR OCEAN
-118.33,33.86,38.0,1059.0,218.0,561.0,205.0,4.0,248600.0,<1H OCEAN
-117.66,34.05,33.0,960.0,216.0,831.0,222.0,2.5391,108600.0,INLAND
-122.44,37.75,21.0,5457.0,1247.0,2304.0,1180.0,4.5469,409700.0,NEAR BAY
-118.31,33.88,21.0,1490.0,430.0,686.0,400.0,2.3812,237500.0,<1H OCEAN
-118.0,34.08,23.0,1627.0,318.0,1279.0,289.0,4.6467,185100.0,INLAND
-119.32,36.62,15.0,1070.0,256.0,1070.0,243.0,1.5642,51500.0,INLAND
-116.93,32.87,17.0,3722.0,670.0,1561.0,604.0,3.6027,211900.0,<1H OCEAN
-118.41,33.96,44.0,1802.0,306.0,753.0,282.0,6.0286,356000.0,<1H OCEAN
-121.62,39.76,14.0,2063.0,559.0,934.0,529.0,1.7788,85800.0,INLAND
-121.96,37.81,12.0,6488.0,778.0,2404.0,765.0,8.3188,403400.0,<1H OCEAN
-118.46,34.4,12.0,25957.0,4798.0,10475.0,4490.0,4.542,195300.0,<1H OCEAN
-122.29,37.54,39.0,1459.0,285.0,761.0,291.0,5.0081,298100.0,NEAR OCEAN
-120.47,34.65,16.0,2549.0,428.0,1486.0,432.0,4.2875,150700.0,NEAR OCEAN
-117.28,34.14,40.0,2364.0,438.0,968.0,416.0,3.4906,93300.0,INLAND
-117.61,34.12,17.0,6709.0,1198.0,3954.0,1161.0,4.6997,156900.0,INLAND
-122.38,40.54,36.0,1216.0,240.0,647.0,228.0,2.6944,75300.0,INLAND
-118.29,34.17,17.0,3852.0,1066.0,2986.0,993.0,2.3482,255400.0,<1H OCEAN
-117.06,32.79,21.0,3787.0,492.0,1246.0,457.0,9.6023,391300.0,<1H OCEAN
-118.26,33.91,44.0,892.0,139.0,440.0,159.0,2.8859,120800.0,<1H OCEAN
-117.65,33.6,15.0,5736.0,,2529.0,762.0,6.4114,278700.0,<1H OCEAN
-121.22,39.43,17.0,2254.0,485.0,1007.0,433.0,1.7,92300.0,INLAND
-122.13,37.45,41.0,3233.0,540.0,1251.0,506.0,6.6354,500001.0,NEAR BAY
-118.22,33.93,30.0,443.0,170.0,903.0,189.0,2.1964,125000.0,<1H OCEAN
-118.2,33.87,42.0,1482.0,310.0,1052.0,317.0,3.9469,158200.0,<1H OCEAN
-117.98,33.7,24.0,3451.0,504.0,1736.0,493.0,6.3749,278000.0,<1H OCEAN
-121.65,36.66,30.0,3745.0,767.0,1762.0,748.0,3.2355,214200.0,<1H OCEAN
-122.42,37.62,36.0,1017.0,165.0,407.0,159.0,4.8,306800.0,NEAR OCEAN
-118.25,33.88,37.0,1027.0,217.0,1042.0,254.0,2.2121,98600.0,<1H OCEAN
-118.5,34.02,24.0,2924.0,1013.0,1492.0,943.0,2.775,291700.0,<1H OCEAN
-122.46,37.71,52.0,1642.0,351.0,1138.0,340.0,4.1406,219500.0,NEAR OCEAN
-121.5,38.52,37.0,2008.0,466.0,1261.0,427.0,2.2574,59100.0,INLAND
-119.53,36.78,20.0,2822.0,479.0,1372.0,455.0,4.5625,136900.0,INLAND
-118.25,34.08,47.0,2133.0,689.0,2104.0,662.0,2.6136,169200.0,<1H OCEAN
-122.54,37.89,33.0,4971.0,836.0,1907.0,795.0,6.1275,424400.0,NEAR BAY
-122.06,37.39,26.0,18.0,4.0,8.0,4.0,3.75,375000.0,NEAR BAY
-118.23,34.09,41.0,438.0,201.0,690.0,161.0,2.0476,181300.0,<1H OCEAN
-118.31,33.67,42.0,1297.0,246.0,611.0,242.0,5.3074,401900.0,NEAR OCEAN
-121.01,37.66,36.0,3679.0,613.0,1366.0,581.0,4.5,151400.0,INLAND
-119.82,34.45,24.0,3592.0,533.0,1683.0,528.0,6.7247,333800.0,NEAR OCEAN
-117.89,33.77,35.0,1799.0,343.0,1239.0,368.0,3.9219,189600.0,<1H OCEAN
-118.26,34.11,47.0,2183.0,510.0,1445.0,503.0,3.6667,210900.0,<1H OCEAN
-122.12,37.88,35.0,2785.0,362.0,1001.0,363.0,8.0448,433300.0,NEAR BAY
-122.45,37.76,52.0,1457.0,292.0,621.0,315.0,4.6477,450000.0,NEAR BAY
-122.12,37.69,35.0,2681.0,508.0,1580.0,536.0,4.1042,179100.0,NEAR BAY
-117.19,34.05,33.0,1688.0,313.0,808.0,298.0,3.2188,117800.0,INLAND
-119.82,36.84,7.0,2289.0,342.0,1077.0,354.0,5.4868,158800.0,INLAND
-117.07,32.63,37.0,2372.0,444.0,1056.0,419.0,3.7583,145500.0,NEAR OCEAN
-122.18,37.72,45.0,1498.0,313.0,1003.0,305.0,3.8047,156700.0,NEAR BAY
-117.11,33.83,14.0,2715.0,500.0,1540.0,464.0,3.8036,139600.0,INLAND
-117.89,33.92,34.0,1473.0,312.0,1025.0,315.0,3.8333,170400.0,<1H OCEAN
-122.04,37.97,26.0,2470.0,626.0,1174.0,573.0,2.9861,160900.0,NEAR BAY
-118.94,35.4,14.0,5548.0,941.0,2815.0,935.0,4.2214,104600.0,INLAND
-118.19,34.14,38.0,1826.0,300.0,793.0,297.0,5.2962,291500.0,<1H OCEAN
-122.03,37.83,24.0,5948.0,738.0,1997.0,710.0,9.8708,500001.0,NEAR BAY
-118.46,34.24,11.0,5363.0,1160.0,2783.0,1034.0,3.8583,170700.0,<1H OCEAN
-119.06,34.37,32.0,3885.0,759.0,2504.0,736.0,3.6453,201700.0,<1H OCEAN
-121.32,38.56,18.0,1169.0,186.0,614.0,192.0,4.5766,108700.0,INLAND
-117.64,33.45,27.0,334.0,56.0,130.0,46.0,4.875,284100.0,NEAR OCEAN
-118.28,34.04,24.0,1283.0,545.0,1932.0,516.0,1.2969,160200.0,<1H OCEAN
-122.27,38.29,36.0,1446.0,306.0,678.0,295.0,2.8409,153000.0,NEAR BAY
-122.23,37.48,38.0,1578.0,399.0,879.0,388.0,2.7969,298400.0,NEAR OCEAN
-117.17,32.74,39.0,3803.0,806.0,1567.0,775.0,3.7039,361500.0,NEAR OCEAN
-118.37,34.02,33.0,2263.0,430.0,900.0,382.0,4.4028,246800.0,<1H OCEAN
-119.0,35.35,31.0,2931.0,716.0,1969.0,588.0,2.2155,62100.0,INLAND
-122.27,37.83,51.0,2665.0,574.0,1258.0,536.0,2.7303,109700.0,NEAR BAY
-122.12,37.4,31.0,2356.0,405.0,921.0,358.0,7.0245,500001.0,NEAR BAY
-117.18,34.07,7.0,1347.0,301.0,799.0,276.0,2.9485,112500.0,INLAND
-121.38,38.64,19.0,4563.0,1069.0,2256.0,926.0,2.1472,143400.0,INLAND
-117.28,33.04,12.0,4459.0,928.0,2471.0,888.0,3.5179,252700.0,NEAR OCEAN
-122.46,37.72,52.0,2951.0,406.0,1115.0,397.0,6.7228,405200.0,NEAR OCEAN
-122.22,38.08,37.0,4590.0,857.0,2920.0,832.0,3.4360000000000004,94800.0,NEAR BAY
-120.06,36.94,19.0,901.0,183.0,700.0,190.0,2.2375,64300.0,INLAND
-118.31,33.83,50.0,696.0,311.0,382.0,234.0,2.775,225000.0,<1H OCEAN
-117.19,33.18,7.0,3561.0,722.0,1921.0,657.0,4.1128,209700.0,<1H OCEAN
-122.29,37.52,33.0,4104.0,751.0,1837.0,771.0,5.3506,388100.0,NEAR OCEAN
-121.83,39.73,52.0,1741.0,401.0,753.0,377.0,2.0064,77900.0,INLAND
-121.95,37.27,17.0,1330.0,271.0,408.0,258.0,1.7171,181300.0,<1H OCEAN
-118.13,33.85,36.0,2110.0,416.0,1128.0,403.0,4.6019,208400.0,<1H OCEAN
-122.41,37.74,43.0,1663.0,330.0,935.0,335.0,4.1552,240900.0,NEAR BAY
-122.39,37.72,52.0,135.0,34.0,93.0,26.0,2.1484,181300.0,NEAR BAY
-118.32,33.35,27.0,1675.0,521.0,744.0,331.0,2.1579,450000.0,ISLAND
-116.89,33.92,10.0,2653.0,621.0,1967.0,598.0,2.6643,81000.0,INLAND
-117.29,34.49,3.0,7689.0,1545.0,3804.0,1399.0,3.3871,111800.0,INLAND
-116.3,33.68,10.0,2387.0,481.0,863.0,304.0,2.8882,137500.0,INLAND
-121.47,38.54,47.0,2085.0,464.0,1346.0,402.0,1.2679,56700.0,INLAND
-117.92,33.78,35.0,1654.0,323.0,1065.0,354.0,3.4837,186500.0,<1H OCEAN
-122.63,38.23,37.0,1966.0,348.0,875.0,381.0,4.0703,223800.0,<1H OCEAN
-121.62,39.16,16.0,2037.0,464.0,1267.0,451.0,2.4556,97100.0,INLAND
-117.97,34.09,27.0,3569.0,761.0,3339.0,762.0,4.1304,160500.0,INLAND
-118.13,34.02,36.0,984.0,275.0,1024.0,284.0,2.125,153500.0,<1H OCEAN
-122.05,37.94,22.0,2105.0,354.0,993.0,365.0,4.6602,227800.0,NEAR BAY
-121.2,37.8,24.0,1698.0,344.0,927.0,313.0,3.5625,130800.0,INLAND
-118.07,34.16,35.0,2459.0,438.0,970.0,437.0,4.2143,369400.0,INLAND
-117.36,33.92,7.0,9376.0,1181.0,3570.0,1107.0,8.5326,315200.0,INLAND
-119.71,34.41,31.0,1034.0,319.0,997.0,308.0,2.6538,231800.0,NEAR OCEAN
-117.97,33.86,34.0,2138.0,490.0,1682.0,463.0,3.6006,161700.0,<1H OCEAN
-117.08,33.82,6.0,1771.0,293.0,935.0,279.0,4.065,148200.0,INLAND
-119.48,36.5,32.0,3451.0,625.0,1968.0,574.0,2.9554,110300.0,INLAND
-121.9,37.34,50.0,1345.0,287.0,791.0,254.0,3.5966,245800.0,<1H OCEAN
-117.81,33.73,17.0,1063.0,189.0,363.0,183.0,2.1719,261300.0,<1H OCEAN
-121.84,37.24,18.0,3574.0,504.0,1803.0,536.0,6.7836,274100.0,<1H OCEAN
-122.31,38.33,21.0,1922.0,344.0,1051.0,342.0,3.6042,183300.0,NEAR BAY
-118.38,34.18,44.0,901.0,179.0,473.0,179.0,3.3125,186400.0,<1H OCEAN
-117.81,33.79,23.0,3114.0,610.0,2045.0,577.0,3.75,211900.0,<1H OCEAN
-120.82,37.49,25.0,1611.0,285.0,882.0,261.0,3.5547,122400.0,INLAND
-122.06,37.64,37.0,1468.0,304.0,1038.0,282.0,4.1652,158200.0,NEAR BAY
-117.91,33.61,38.0,1232.0,178.0,410.0,171.0,11.075,500001.0,<1H OCEAN
-117.34,34.14,37.0,1834.0,393.0,1198.0,348.0,2.225,81600.0,INLAND
-121.83,37.25,17.0,2332.0,637.0,1636.0,623.0,3.1932,123400.0,<1H OCEAN
-122.11,37.38,22.0,3638.0,719.0,1329.0,650.0,5.0804,500001.0,NEAR BAY
-119.55,34.38,17.0,1951.0,368.0,681.0,350.0,2.7275,500001.0,<1H OCEAN
-118.44,34.15,29.0,5474.0,1457.0,2352.0,1326.0,3.415,382500.0,<1H OCEAN
-117.1,34.21,22.0,4397.0,931.0,1145.0,445.0,4.5268,108400.0,INLAND
-117.79,33.55,39.0,5066.0,1292.0,1915.0,1117.0,3.821,452100.0,<1H OCEAN
-122.05,37.61,16.0,1642.0,346.0,705.0,351.0,2.8971,163900.0,NEAR BAY
-116.36,33.88,11.0,12557.0,3098.0,2453.0,1232.0,1.7844,78500.0,INLAND
-122.26,37.83,52.0,1656.0,420.0,718.0,382.0,2.6768,182300.0,NEAR BAY
-122.14,37.86,20.0,6201.0,1182.0,2415.0,1141.0,4.5744,314000.0,NEAR BAY
-117.44,33.95,31.0,914.0,177.0,556.0,161.0,3.7344,115300.0,INLAND
-117.24,33.38,16.0,2792.0,525.0,1696.0,516.0,3.668,171200.0,<1H OCEAN
-118.42,33.93,28.0,4603.0,993.0,2191.0,943.0,4.5743,382200.0,<1H OCEAN
-121.34,38.03,12.0,2707.0,433.0,1200.0,380.0,4.9861,133500.0,INLAND
-117.67,33.47,22.0,2728.0,616.0,1081.0,566.0,1.6393,500001.0,<1H OCEAN
-118.36,33.82,36.0,1083.0,187.0,522.0,187.0,5.7765,339500.0,<1H OCEAN
-118.09,33.91,36.0,1442.0,271.0,990.0,268.0,4.0517,162200.0,<1H OCEAN
-119.6,37.29,13.0,1722.0,325.0,712.0,269.0,2.625,137500.0,INLAND
-118.02,34.13,33.0,2874.0,458.0,1239.0,431.0,5.2329,430900.0,INLAND
-121.55,38.59,36.0,435.0,95.0,285.0,90.0,1.2292,69600.0,INLAND
-118.33,34.15,44.0,1321.0,303.0,471.0,301.0,4.2679,331800.0,<1H OCEAN
-121.68,39.29,29.0,1860.0,400.0,1137.0,365.0,1.5281,61600.0,INLAND
-118.27,34.24,30.0,2180.0,369.0,1050.0,390.0,6.3688,277600.0,<1H OCEAN
-118.28,33.92,37.0,742.0,151.0,729.0,144.0,3.055,105400.0,<1H OCEAN
-121.98,38.39,3.0,9488.0,1417.0,4095.0,1335.0,5.1781,191900.0,INLAND
-120.65,35.27,52.0,2254.0,642.0,1237.0,590.0,2.6208,227100.0,NEAR OCEAN
-122.44,37.71,31.0,2370.0,441.0,1524.0,470.0,5.0201,264100.0,NEAR BAY
-118.42,34.02,22.0,3292.0,1134.0,1655.0,898.0,3.1746,348800.0,<1H OCEAN
-119.62,36.56,30.0,1722.0,372.0,1467.0,403.0,1.8878,51600.0,INLAND
-122.24,37.81,52.0,2093.0,550.0,918.0,483.0,2.7477,243800.0,NEAR BAY
-118.17,34.87,9.0,1507.0,293.0,761.0,278.0,3.0184,87900.0,INLAND
-121.42,38.54,29.0,2358.0,493.0,1071.0,470.0,2.925,94300.0,INLAND
-119.16,34.28,11.0,5330.0,1056.0,2801.0,1028.0,4.763,232700.0,NEAR OCEAN
-122.14,37.67,37.0,3156.0,534.0,1495.0,543.0,4.8125,188300.0,NEAR BAY
-117.95,33.9,15.0,3057.0,479.0,1679.0,498.0,6.8429,372600.0,<1H OCEAN
-118.31,35.74,18.0,2327.0,642.0,799.0,335.0,1.8419,92300.0,INLAND
-118.35,34.08,52.0,1801.0,313.0,714.0,293.0,4.6838,479000.0,<1H OCEAN
-118.09,33.81,36.0,1878.0,323.0,846.0,325.0,7.1937,254400.0,<1H OCEAN
-117.06,33.04,17.0,1785.0,255.0,667.0,277.0,5.7382,278000.0,<1H OCEAN
-118.13,34.09,42.0,2562.0,781.0,1936.0,687.0,2.2214,219000.0,<1H OCEAN
-118.12,33.91,35.0,620.0,122.0,381.0,124.0,3.7917,183900.0,<1H OCEAN
-118.23,33.94,39.0,1141.0,258.0,1313.0,234.0,2.0187,90100.0,<1H OCEAN
-118.25,34.13,52.0,322.0,88.0,229.0,89.0,2.125,243800.0,<1H OCEAN
-117.23,34.15,17.0,5036.0,817.0,2084.0,833.0,4.6445,137200.0,INLAND
-118.29,33.74,29.0,1503.0,411.0,1368.0,390.0,2.1473,195300.0,NEAR OCEAN
-121.28,38.76,47.0,2901.0,631.0,1276.0,578.0,2.1366,101900.0,INLAND
-117.25,34.53,13.0,5841.0,955.0,2455.0,915.0,4.1333,158200.0,INLAND
-121.21,38.67,19.0,2987.0,626.0,1610.0,605.0,3.0533,112100.0,INLAND
-117.03,33.12,25.0,3142.0,446.0,1286.0,419.0,5.4663,248300.0,<1H OCEAN
-121.85,37.3,19.0,6275.0,1546.0,4312.0,1466.0,2.7768,178600.0,<1H OCEAN
-118.27,33.91,32.0,2238.0,471.0,1292.0,467.0,1.1705,110600.0,<1H OCEAN
-118.14,33.84,43.0,2107.0,439.0,876.0,429.0,3.2024,339400.0,<1H OCEAN
-121.34,38.0,32.0,3877.0,687.0,1642.0,647.0,4.0444,129200.0,INLAND
-117.62,34.09,26.0,3271.0,595.0,2259.0,566.0,4.0139,132000.0,INLAND
-121.06,38.25,13.0,651.0,102.0,301.0,104.0,3.6528,200000.0,INLAND
-117.92,33.8,17.0,1317.0,256.0,679.0,272.0,4.6696,159500.0,<1H OCEAN
-118.16,33.92,36.0,2062.0,351.0,1134.0,358.0,4.4881,218900.0,<1H OCEAN
-122.47,37.76,52.0,2465.0,489.0,1170.0,498.0,4.0793,306700.0,NEAR BAY
-117.23,34.14,16.0,2577.0,521.0,956.0,472.0,2.5625,129400.0,INLAND
-117.96,33.71,19.0,1624.0,221.0,782.0,228.0,4.5962,304500.0,<1H OCEAN
-122.0,37.98,35.0,1192.0,201.0,535.0,172.0,4.9219,182000.0,INLAND
-121.33,36.43,40.0,622.0,194.0,902.0,196.0,2.625,109100.0,<1H OCEAN
-117.1,32.71,29.0,3422.0,713.0,2775.0,644.0,1.7075,86900.0,NEAR OCEAN
-122.15,37.74,43.0,1383.0,275.0,853.0,272.0,3.5083,122000.0,NEAR BAY
-118.71,34.29,24.0,2983.0,406.0,1203.0,381.0,6.3236,302000.0,<1H OCEAN
-117.71,33.63,16.0,2497.0,500.0,1357.0,456.0,4.5909,241800.0,<1H OCEAN
-118.2,33.98,32.0,1403.0,399.0,1506.0,375.0,2.0,172700.0,<1H OCEAN
-118.2,34.11,37.0,2040.0,611.0,1698.0,545.0,1.9355,166300.0,<1H OCEAN
-123.84,39.46,47.0,1150.0,244.0,552.0,201.0,2.5192,110400.0,<1H OCEAN
-121.31,37.9,38.0,226.0,44.0,125.0,38.0,2.9,125000.0,INLAND
-117.93,33.64,15.0,1707.0,514.0,1335.0,434.0,2.7543,177800.0,<1H OCEAN
-117.82,33.78,28.0,4485.0,667.0,2048.0,685.0,5.4562,274700.0,<1H OCEAN
-121.9,36.6,39.0,1629.0,423.0,804.0,386.0,2.4663,236500.0,NEAR OCEAN
-118.17,34.86,21.0,2370.0,540.0,1488.0,554.0,2.7361,83300.0,INLAND
-121.23,38.12,22.0,393.0,58.0,134.0,57.0,3.95,178100.0,INLAND
-117.75,33.61,16.0,2270.0,488.0,709.0,489.0,3.2845,227600.0,<1H OCEAN
-121.37,38.66,17.0,4866.0,1056.0,2371.0,1030.0,2.4574,103300.0,INLAND
-122.25,38.1,52.0,2315.0,556.0,1113.0,486.0,2.5042,147900.0,NEAR BAY
-121.45,38.52,37.0,1477.0,321.0,888.0,312.0,2.5592,70300.0,INLAND
-122.28,37.79,30.0,4145.0,869.0,3668.0,855.0,2.5444,275000.0,NEAR BAY
-120.98,38.34,27.0,3471.0,653.0,1793.0,600.0,3.5508,99100.0,INLAND
-121.99,37.53,25.0,5405.0,939.0,2831.0,923.0,5.0423,222200.0,<1H OCEAN
-121.43,37.76,7.0,2125.0,508.0,1358.0,464.0,3.6312,147600.0,INLAND
-117.16,32.91,5.0,1619.0,272.0,1063.0,296.0,6.0891,214600.0,<1H OCEAN
-122.3,37.97,35.0,1811.0,377.0,911.0,340.0,3.375,149700.0,NEAR BAY
-118.47,34.04,32.0,2909.0,748.0,1310.0,706.0,4.516,350000.0,<1H OCEAN
-118.23,33.95,43.0,1683.0,520.0,2190.0,494.0,2.2391,152800.0,<1H OCEAN
-117.22,34.44,5.0,4787.0,910.0,1944.0,806.0,2.6576,98500.0,INLAND
-117.6,33.86,23.0,2949.0,473.0,1671.0,477.0,5.195,161000.0,INLAND
-124.17,40.78,39.0,1606.0,330.0,731.0,327.0,1.6369,68300.0,NEAR OCEAN
-118.38,33.87,27.0,2287.0,491.0,1101.0,466.0,4.675,316900.0,<1H OCEAN
-118.12,33.92,27.0,6336.0,1628.0,4673.0,1505.0,2.5893,183700.0,<1H OCEAN
-117.98,33.77,7.0,2252.0,570.0,1576.0,550.0,3.6333,169800.0,<1H OCEAN
-120.44,34.95,38.0,3004.0,794.0,2601.0,747.0,2.2743,106400.0,<1H OCEAN
-118.04,34.13,35.0,249.0,31.0,268.0,29.0,15.0001,500001.0,INLAND
-122.44,37.74,52.0,2074.0,366.0,909.0,394.0,4.8382,294900.0,NEAR BAY
-119.1,35.33,4.0,6640.0,898.0,3121.0,902.0,6.7589999999999995,170300.0,INLAND
-122.52,37.95,33.0,4448.0,631.0,1675.0,628.0,7.8904,468800.0,NEAR BAY
-122.45,37.76,31.0,5283.0,1330.0,2659.0,1269.0,3.5744,500000.0,NEAR BAY
-122.85,38.46,22.0,3328.0,550.0,1309.0,512.0,4.7105,266200.0,<1H OCEAN
-118.25,33.79,38.0,1730.0,460.0,1724.0,424.0,2.7308,150400.0,NEAR OCEAN
-122.17,37.73,52.0,1555.0,289.0,620.0,292.0,3.7159,183300.0,NEAR BAY
-121.27,38.67,15.0,1701.0,346.0,723.0,352.0,3.8906,128700.0,INLAND
-118.4,34.22,36.0,2557.0,540.0,1556.0,491.0,3.6591,183800.0,<1H OCEAN
-118.07,34.12,43.0,1554.0,287.0,802.0,277.0,4.2312,272600.0,INLAND
-116.93,32.83,21.0,1283.0,278.0,684.0,289.0,2.3203,163500.0,<1H OCEAN
-117.66,33.62,16.0,4065.0,661.0,1962.0,636.0,6.2177,256600.0,<1H OCEAN
-122.54,37.96,33.0,2534.0,495.0,996.0,449.0,4.3083,500001.0,NEAR BAY
-122.26,38.33,34.0,2048.0,316.0,780.0,267.0,5.815,339200.0,NEAR BAY
-118.22,34.22,39.0,2686.0,417.0,1094.0,402.0,7.0059,500001.0,<1H OCEAN
-122.72,38.46,35.0,1445.0,309.0,795.0,308.0,2.9073,157000.0,<1H OCEAN
-120.18,39.14,25.0,2171.0,386.0,248.0,116.0,3.0375,171900.0,INLAND
-116.44,33.74,5.0,846.0,249.0,117.0,67.0,7.9885,403300.0,INLAND
-117.98,33.84,33.0,2291.0,439.0,1187.0,405.0,3.9539,191100.0,<1H OCEAN
-118.07,33.98,32.0,3304.0,714.0,2032.0,690.0,3.2093,167800.0,<1H OCEAN
-121.83,36.98,19.0,4431.0,705.0,1764.0,679.0,4.3321,298600.0,<1H OCEAN
-117.37,33.94,20.0,1682.0,296.0,706.0,291.0,4.0966,140100.0,INLAND
-117.96,34.1,30.0,2775.0,657.0,2847.0,642.0,3.2266,141800.0,INLAND
-118.26,34.12,45.0,2839.0,698.0,1768.0,653.0,3.1306,214000.0,<1H OCEAN
-118.49,34.02,28.0,1394.0,582.0,716.0,543.0,1.5132,450000.0,<1H OCEAN
-121.95,37.38,22.0,765.0,198.0,390.0,176.0,3.1812,87500.0,<1H OCEAN
-121.56,39.52,26.0,1957.0,429.0,945.0,397.0,1.7308,53600.0,INLAND
-121.92,37.31,13.0,6035.0,1551.0,2946.0,1481.0,4.0524,213900.0,<1H OCEAN
-117.95,33.86,36.0,2038.0,343.0,1066.0,346.0,5.197,195700.0,<1H OCEAN
-119.55,37.75,30.0,2165.0,536.0,1500.0,414.0,3.5391,55900.0,INLAND
-122.73,38.43,15.0,3265.0,690.0,1629.0,629.0,3.7132,167600.0,<1H OCEAN
-117.1,32.67,22.0,1690.0,541.0,1669.0,494.0,2.0213,110600.0,NEAR OCEAN
-117.0,32.74,17.0,2357.0,599.0,1423.0,510.0,1.8856,118800.0,<1H OCEAN
-117.05,32.56,18.0,1215.0,320.0,1195.0,349.0,1.9875,114900.0,NEAR OCEAN
-121.3,38.89,45.0,1529.0,317.0,793.0,281.0,2.9866,91300.0,INLAND
-121.85,39.73,52.0,444.0,80.0,1107.0,98.0,3.4191,137500.0,INLAND
-122.19,37.42,47.0,932.0,167.0,295.0,116.0,8.4375,500001.0,NEAR OCEAN
-121.82,37.29,16.0,2085.0,394.0,1705.0,391.0,5.0225,222800.0,<1H OCEAN
-122.56,40.75,20.0,1182.0,250.0,512.0,210.0,1.7935,74500.0,INLAND
-118.24,34.24,31.0,3019.0,469.0,1349.0,462.0,7.1463,394100.0,<1H OCEAN
-118.63,34.19,32.0,3568.0,591.0,1741.0,563.0,5.1529,259600.0,<1H OCEAN
-117.93,33.87,45.0,1006.0,230.0,1237.0,237.0,3.3472,168000.0,<1H OCEAN
-117.42,34.02,9.0,5455.0,882.0,3015.0,858.0,4.2321,162800.0,INLAND
-122.39,37.78,3.0,3464.0,1179.0,1441.0,919.0,4.7105,275000.0,NEAR BAY
-122.29,37.53,35.0,2043.0,511.0,1089.0,504.0,3.0278,310600.0,NEAR OCEAN
-118.49,34.24,34.0,1971.0,316.0,917.0,307.0,6.0965,262300.0,<1H OCEAN
-121.51,38.56,43.0,1048.0,312.0,1320.0,294.0,1.0649,137500.0,INLAND
-122.44,37.52,16.0,7077.0,1179.0,3502.0,1148.0,5.9919,345100.0,NEAR OCEAN
-118.43,33.99,35.0,2243.0,495.0,1135.0,465.0,4.3281,324000.0,<1H OCEAN
-118.32,33.81,28.0,2142.0,445.0,1140.0,422.0,4.8438,346200.0,<1H OCEAN
-118.29,33.71,40.0,1644.0,471.0,780.0,416.0,3.1071,464300.0,NEAR OCEAN
-118.22,33.96,32.0,2232.0,603.0,2361.0,608.0,2.5966,170900.0,<1H OCEAN
-118.09,33.84,23.0,4412.0,910.0,2380.0,825.0,4.54,213100.0,<1H OCEAN
-118.02,34.08,31.0,2402.0,632.0,2830.0,603.0,2.3333,164200.0,INLAND
-118.11,33.84,36.0,1463.0,257.0,722.0,260.0,4.8438,226300.0,<1H OCEAN
-118.32,33.9,37.0,1664.0,401.0,1316.0,409.0,3.0526,216400.0,<1H OCEAN
-119.32,36.36,18.0,2060.0,383.0,1348.0,397.0,3.4312,68400.0,INLAND
-122.02,37.26,24.0,2411.0,299.0,847.0,299.0,10.2666,500001.0,<1H OCEAN
-121.47,38.57,50.0,3233.0,968.0,1223.0,837.0,1.2041,168100.0,INLAND
-117.38,34.13,13.0,2903.0,510.0,1844.0,510.0,3.7198,112900.0,INLAND
-117.74,33.62,16.0,1889.0,590.0,686.0,537.0,3.4706,241700.0,<1H OCEAN
-121.82,37.25,24.0,3344.0,531.0,1768.0,541.0,5.8305,245600.0,<1H OCEAN
-116.49,33.82,27.0,3316.0,636.0,2362.0,532.0,2.9569,65900.0,INLAND
-118.55,34.44,14.0,15348.0,2366.0,7087.0,2169.0,6.3277,237700.0,INLAND
-120.25,37.11,20.0,2062.0,466.0,1285.0,456.0,1.5319,50500.0,INLAND
-119.57,36.1,36.0,1729.0,317.0,737.0,278.0,3.5313,68800.0,INLAND
-118.53,34.25,20.0,6331.0,1537.0,2957.0,1509.0,3.3892,323100.0,<1H OCEAN
-121.28,38.61,23.0,2547.0,504.0,1235.0,469.0,2.4722,103300.0,INLAND
-117.87,33.84,23.0,1678.0,369.0,912.0,347.0,4.5,237300.0,<1H OCEAN
-122.03,37.97,20.0,3968.0,931.0,2629.0,903.0,2.9915,166700.0,NEAR BAY
-116.8,32.8,11.0,3874.0,565.0,1672.0,546.0,6.1481,274600.0,<1H OCEAN
-117.73,34.03,42.0,1967.0,378.0,1459.0,348.0,3.0375,118100.0,INLAND
-124.1,40.88,35.0,2987.0,578.0,1581.0,585.0,2.0657,81100.0,NEAR OCEAN
-122.04,38.28,25.0,3304.0,493.0,1464.0,488.0,5.2527,130600.0,INLAND
-122.29,37.82,49.0,135.0,29.0,86.0,23.0,6.1183,75000.0,NEAR BAY
-117.1,32.76,30.0,1835.0,474.0,934.0,415.0,2.875,139600.0,NEAR OCEAN
-118.31,34.06,52.0,2124.0,756.0,1920.0,756.0,2.1435,328900.0,<1H OCEAN
-123.22,39.15,45.0,1348.0,265.0,639.0,270.0,3.3667,115200.0,<1H OCEAN
-118.37,33.77,26.0,6339.0,876.0,2540.0,880.0,10.1447,500001.0,NEAR OCEAN
-122.85,38.37,16.0,1762.0,293.0,810.0,297.0,4.4437,305000.0,<1H OCEAN
-117.2,34.5,10.0,4201.0,850.0,2378.0,808.0,2.1781,92200.0,INLAND
-118.17,33.77,36.0,2933.0,881.0,2077.0,838.0,2.2538,181300.0,NEAR OCEAN
-118.09,34.01,42.0,897.0,229.0,1094.0,238.0,2.0729,114100.0,<1H OCEAN
-122.12,37.85,18.0,5252.0,686.0,1870.0,657.0,8.0074,454100.0,NEAR BAY
-120.98,39.93,25.0,2220.0,511.0,912.0,449.0,1.8914,87800.0,INLAND
-118.27,34.09,52.0,1079.0,222.0,439.0,201.0,4.625,230800.0,<1H OCEAN
-118.19,34.13,52.0,2012.0,458.0,1314.0,434.0,3.925,180400.0,<1H OCEAN
-118.32,33.96,47.0,1297.0,292.0,704.0,264.0,3.3214,166500.0,<1H OCEAN
-118.24,33.98,45.0,972.0,249.0,1288.0,261.0,2.2054,125000.0,<1H OCEAN
-118.56,34.19,34.0,2579.0,561.0,1237.0,517.0,4.433,235100.0,<1H OCEAN
-120.82,37.64,20.0,3375.0,630.0,1505.0,598.0,2.69,201300.0,INLAND
-122.3,37.56,35.0,1873.0,351.0,945.0,333.0,5.5184,274800.0,NEAR OCEAN
-121.03,37.68,27.0,1956.0,327.0,1004.0,307.0,3.7857,110500.0,INLAND
-122.07,37.34,30.0,1851.0,238.0,631.0,236.0,10.1007,500001.0,<1H OCEAN
-121.78,37.31,25.0,2093.0,297.0,983.0,338.0,6.4664,271500.0,<1H OCEAN
-117.0,32.7,23.0,2785.0,468.0,1456.0,449.0,4.3714,131000.0,NEAR OCEAN
